"Movie ID","Movie Title","Movie Length (in minutes)","Rotten Tomatoes Link","Reviewer Name","Rating"
"1","Zootopia","108","https://www.rottentomatoes.com/m/zootopi","Noah","5"
"1","Zootopia","108","https://www.rottentomatoes.com/m/zootopi","Emma","4.9000000954"
"1","Zootopia","108","https://www.rottentomatoes.com/m/zootopi","Olivia","5"
"1","Zootopia","108","https://www.rottentomatoes.com/m/zootopi","Liam","4.8000001907"
"1","Zootopia","108","https://www.rottentomatoes.com/m/zootopi","Sophia","4.9000000954"
"2","Moonlight","110","https://www.rottentomatoes.com/m/moonlig","Noah","4.9000000954"
"2","Moonlight","110","https://www.rottentomatoes.com/m/moonlig","Emma","4.8000001907"
"2","Moonlight","110","https://www.rottentomatoes.com/m/moonlig","Olivia","4.8000001907"
"2","Moonlight","110","https://www.rottentomatoes.com/m/moonlig","Liam","4.6999998093"
"2","Moonlight","110","https://www.rottentomatoes.com/m/moonlig","Sophia","4.9000000954"
"3","Hell or High Water","102","https://www.rottentomatoes.com/m/hell_or","Noah","4.6999998093"
"3","Hell or High Water","102","https://www.rottentomatoes.com/m/hell_or","Emma","4.6999998093"
"3","Hell or High Water","102","https://www.rottentomatoes.com/m/hell_or","Olivia","4.5999999046"
"3","Hell or High Water","102","https://www.rottentomatoes.com/m/hell_or","Liam","4.6999998093"
"3","Hell or High Water","102","https://www.rottentomatoes.com/m/hell_or","Sophia","4.8000001907"
"4","La La Land","128","https://www.rottentomatoes.com/m/la_la_l","Noah","4.5999999046"
"4","La La Land","128","https://www.rottentomatoes.com/m/la_la_l","Emma","4.5999999046"
"4","La La Land","128","https://www.rottentomatoes.com/m/la_la_l","Olivia","4.6999998093"
"4","La La Land","128","https://www.rottentomatoes.com/m/la_la_l","Liam","4.5"
"4","La La Land","128","https://www.rottentomatoes.com/m/la_la_l","Sophia","4.5999999046"
"5","Arrival","116","https://www.rottentomatoes.com/m/arrival","Noah","4.5"
"5","Arrival","116","https://www.rottentomatoes.com/m/arrival","Emma","4.4000000954"
"5","Arrival","116","https://www.rottentomatoes.com/m/arrival","Olivia","4.4000000954"
"5","Arrival","116","https://www.rottentomatoes.com/m/arrival","Liam","4.3000001907"
"5","Arrival","116","https://www.rottentomatoes.com/m/arrival","Sophia","4.4000000954"
